,kim scott,alison ravenscroft,marcia langton,edouard glissant,kevin,anne brewster,jacques derrida,deborah bird rose,mudrooroo,jeanine leane,miller,homi bhabha,mabo,toni morrison,john howard,xavier herbert,richard flanagan,brigitta olubas,stephen slemon,bill ashcroft,tony simoes da silva,lynda ng,michel foucault,amitav ghosh,oodgeroo,gayatri spivak,kwaymullina,mary,elizabeth,kim scotts
01 Sep 2007 - Australian Women's Book Review: Online - Trove,0.0,0.0,0.0,0.0,0.0,0.0,0.0,0.0,0.0,0.0,0.0,0.0,0.0,0.0,0.0,0.0,0.0,0.0,0.0,0.0,0.0,0.0,0.0,0.0,0.0,0.0,0.0,0.0,0.0,0.0
2006-01-01__ferrier-carole__australian-womens-book-review__the-best-australian-novel-for-years__book-review,0.0,0.0,0.0,0.0,0.0,0.0,0.0,0.0,0.0,0.0,0.0,0.0,0.0,0.0,0.0,0.0,0.0,0.0,0.0,0.0,0.0,0.0,0.0,0.0,0.0,0.0,0.0,0.0,0.0,0.0
2006-08-19__ravenscroft-alison__the-age__when-the-narrators-art-matches-the-magical-storytelling__book-review,0.0,0.5,0.0,0.0,0.0,0.0,0.0,0.0,0.0,0.0,0.0,0.0,0.0,0.0,0.0,0.0,0.0,0.0,0.0,0.0,0.0,0.0,0.0,0.0,0.0,0.0,0.0,0.0,0.0,0.0
2006-09-02__anonymous__the-canberra-times__calming-influence-in-balance-fraught-with-pain__book-review,0.0,0.0,0.0,0.0,0.0,0.0,0.0,0.0,0.0,0.0,0.0,0.0,0.3333333333333333,0.0,0.0,0.3333333333333333,0.0,0.0,0.0,0.0,0.0,0.0,0.0,0.0,0.0,0.0,0.0,0.0,0.0,0.0
2006-09-09__osullivan-jane__the-age__from-here-to-carpentaria__book-review,0.0,0.0,0.0,0.0,0.0,0.0,0.0,0.0,0.0,0.0,0.0,0.0,0.0,0.0,0.0,0.16666666666666666,0.0,0.0,0.0,0.0,0.0,0.0,0.0,0.0,0.0,0.0,0.0,0.0,0.0,0.0
2006-09-16__davison-liam__the-sydney-morning-herald__phantasmagorical-tale-fills-a-legendary-landscape__book-review,0.0,0.2,0.0,0.0,0.0,0.0,0.0,0.0,0.0,0.0,0.0,0.0,0.0,0.0,0.0,0.0,0.0,0.0,0.0,0.0,0.0,0.0,0.0,0.0,0.0,0.0,0.0,0.0,0.0,0.0
2006-09-30__england-katherine__the-advertiser__small-town-dreaming__book-review,0.0,0.0,0.0,0.0,0.0,0.0,0.0,0.0,0.0,0.0,0.0,0.0,0.0,0.0,0.0,0.3333333333333333,0.0,0.0,0.0,0.0,0.0,0.0,0.0,0.0,0.0,0.0,0.0,0.0,0.0,0.0
2006-10-01__mcfadyen-kate__australian-book-review__carpentaria-by-alexis-wright__book-review,0.0,0.0,0.0,0.0,0.0,0.0,0.0,0.0,0.0,0.0,0.0,0.0,0.0,0.0,0.0,0.0,0.0,0.0,0.0,0.0,0.0,0.0,0.0,0.0,0.0,0.0,0.0,0.0,0.0,0.0
2006-10-04__grossman-michelle__the-australian__risk-roguery-amd-revelation__book-review,0.3333333333333333,0.0,0.0,0.0,0.0,0.0,0.0,0.0,0.0,0.0,0.0,0.0,0.0,0.0,0.0,0.0,0.0,0.0,0.0,0.0,0.0,0.0,0.0,0.0,0.0,0.0,0.0,0.0,0.0,0.0
2007-01-01__coles-david__ngoonjook__carpentaria__book-review,0.0,0.0,0.0,0.0,0.0,0.0,0.0,0.0,0.0,0.0,0.0,0.0,0.0,0.0,0.0,0.1111111111111111,0.0,0.0,0.0,0.0,0.0,0.0,0.0,0.0,0.0,0.0,0.0,0.0,0.0,0.0
2007-01-01__syson-ian__overland__uncertain-magic__book-review,0.0,0.0,0.0,0.0,0.0,0.0,0.0,0.0,0.0,0.0,0.0,0.0,0.0,0.0,0.0,0.0,0.25,0.0,0.0,0.0,0.0,0.0,0.0,0.0,0.0,0.0,0.0,0.0,0.0,0.0
2007-11-18__perlez-jane__new-york-times-book-review__aboriginal-lit-news-and-newspapers-proquest__book-review,0.2,0.0,0.0,0.0,0.0,0.0,0.0,0.0,0.2,0.0,0.0,0.0,0.0,0.0,0.2,0.0,0.0,0.0,0.0,0.0,0.0,0.0,0.0,0.0,0.0,0.0,0.0,0.0,0.0,0.0
2007-12-01__sharp-nonie__island__fiction__book-review,0.0,0.0,0.0,0.0,0.0,0.0,0.0,0.0,0.0,0.0,0.0,0.0,0.1111111111111111,0.0,0.0,0.1111111111111111,0.0,0.0,0.0,0.0,0.0,0.0,0.0,0.0,0.0,0.0,0.0,0.1111111111111111,0.0,0.0
2007__perlez-jane__new-york-times-book-review__aboriginal-lit-alexis-wright-carpentaria__book-review,0.0,0.0,0.0,0.0,0.0,0.0,0.0,0.0,0.0,0.0,0.0,0.0,0.0,0.0,0.0,0.0,0.0,0.0,0.0,0.0,0.0,0.0,0.0,0.0,0.0,0.0,0.0,0.0,0.0,0.0
2008-01-01__devlin-glass-frances__australian-literary-studies__a-politics-of-the-dreamtime-destructive-and-regenerative-rainbows-in-alexis-wrights-carpentaria__journal-article,0.0,0.0,0.0,0.0,0.0,0.0,0.0,0.0,0.0,0.0,0.041666666666666664,0.0,0.041666666666666664,0.0,0.0,0.08333333333333333,0.0,0.0,0.0,0.0,0.0,0.0,0.0,0.0,0.0,0.0,0.0,0.041666666666666664,0.08333333333333333,0.0
2008-01-01__shoemaker-a__hecate__hard-dreams-and-indigenous-worlds-in-australias-north__journal-article,0.0,0.0,0.0,0.0,0.2,0.0,0.0,0.0,0.0,0.0,0.0,0.0,0.0,0.0,0.4,0.0,0.0,0.0,0.0,0.0,0.0,0.0,0.0,0.0,0.0,0.0,0.0,0.0,0.0,0.0
2008-01-01__torre-stephen__linq-literature-in-north-queensland__singing-the-country-afresh__book-review,0.0,0.0,0.0,0.0,0.0,0.0,0.0,0.0,0.0,0.0,0.0,0.0,0.0,0.0,0.0,0.0,0.0,0.0,0.0,0.0,0.0,0.0,0.0,0.0,0.0,0.0,0.0,0.16666666666666666,0.0,0.0
2008-04-26__poster-jem__the-guardian__down-among-the-yinbarras__book-review,0.0,0.0,0.0,0.0,0.0,0.0,0.0,0.0,0.0,0.0,0.0,0.0,0.0,0.0,0.0,0.0,0.0,0.0,0.0,0.0,0.0,0.0,0.0,0.0,0.0,0.0,0.0,0.0,0.0,0.0
2008-05-01__ferrier-carole__journal-of-the-association-for-the-study-of-australian-literature__disappearing-memory-and-the-colonial-present-in-recent-indigenous-womens-writing__journal-article,0.0,0.0,0.07407407407407407,0.0,0.0,0.037037037037037035,0.0,0.0,0.1111111111111111,0.0,0.0,0.0,0.0,0.037037037037037035,0.0,0.0,0.0,0.0,0.0,0.0,0.0,0.0,0.0,0.0,0.0,0.07407407407407407,0.0,0.1111111111111111,0.07407407407407407,0.0
2008-05-16__aitken-tom__the-times-literary-supplement__a-mine-in-desperance__book-review,0.0,0.0,0.0,0.0,0.0,0.0,0.0,0.0,0.0,0.0,0.0,0.0,0.0,0.0,0.16666666666666666,0.0,0.0,0.0,0.0,0.0,0.0,0.0,0.0,0.0,0.0,0.0,0.0,0.0,0.0,0.0
2009-01-01__gleeson-white-j__meanjin__the-secret-life-of-stories__journal-article,0.0,0.0,0.0,0.0,0.0,0.0,0.0,0.0,0.0,0.0,0.0,0.0,0.0,0.0,0.0,0.1,0.0,0.0,0.0,0.0,0.0,0.0,0.0,0.0,0.2,0.0,0.0,0.0,0.0,0.0
2009-01-01__jose-nicholas__journal-of-the-association-for-the-study-of-australian-literature__australian-literature-inside-and-out-barry-andrews-memorial-address__journal-article,0.0,0.0,0.0,0.0,0.0,0.0,0.05,0.0,0.0,0.0,0.05,0.0,0.0,0.0,0.0,0.05,0.0,0.0,0.0,0.0,0.0,0.0,0.0,0.0,0.0,0.0,0.0,0.1,0.0,0.0
2009-01-01__joseph-laura__journal-of-the-association-for-the-study-of-australian-literature__dreaming-phantoms-and-golems-elements-of-the-place-beyond-nation-in-carpentaria-and-dreamhunter__journal-article,0.0,0.0,0.0,0.0,0.0,0.0,0.0,0.0,0.0,0.0,0.0,0.0,0.0,0.0,0.0,0.0,0.0,0.0,0.0,0.0,0.0,0.0,0.0,0.0,0.0,0.0,0.0,0.0,0.16666666666666666,0.0
2009-01-01__joseph-laura__southerly__opening-the-gates-of-hell-regional-emergences-in-carpentaria-and-dreamhunter__journal-article,0.0,0.0,0.0,0.0,0.0,0.0,0.0,0.0,0.0,0.0,0.0,0.0,0.0,0.0,0.0,0.0,0.0,0.1111111111111111,0.0,0.0,0.0,0.0,0.0,0.0,0.0,0.0,0.0,0.0,0.16666666666666666,0.0
2009-01-01__sharrad-paul__european-association-for-commonwealth-literature__beyond-capricornia-ambiguous-promise-in-alexis-wright__conference-presentation,0.0,0.0,0.0,0.045454545454545456,0.0,0.0,0.045454545454545456,0.0,0.18181818181818182,0.0,0.0,0.0,0.0,0.0,0.0,0.09090909090909091,0.0,0.0,0.0,0.0,0.0,0.0,0.0,0.045454545454545456,0.0,0.0,0.0,0.13636363636363635,0.18181818181818182,0.0
2009-02-23__no-author__publishers-weekly__carpentaria__book-review,0.0,0.0,0.0,0.0,0.0,0.0,0.0,0.0,0.0,0.0,0.0,0.0,0.0,0.0,0.0,0.0,0.0,0.0,0.0,0.0,0.0,0.0,0.0,0.0,0.0,0.0,0.0,0.0,0.0,0.0
2009-03-01__no-author__kirkus-reviews__wright-alexis-carpentaria__book-review,0.0,0.0,0.0,0.0,0.0,0.0,0.0,0.0,0.0,0.0,0.0,0.0,0.0,0.0,0.0,0.0,0.0,0.0,0.0,0.0,0.0,0.0,0.0,0.0,0.0,0.0,0.0,0.0,0.0,0.0
2009-07-01__jose-nicholas__journal-of-the-association-for-the-study-of-australian-literature__australian-literature-inside-and-out-barry-andrews-memorial-address__conference-presentation,0.0,0.0,0.0,0.0,0.0,0.0,0.05,0.0,0.0,0.0,0.05,0.0,0.0,0.0,0.0,0.05,0.0,0.0,0.0,0.0,0.0,0.0,0.0,0.0,0.0,0.0,0.0,0.1,0.0,0.0
2010-01-01__birrell-kathleen-sarat-austin__studies-in-law-politics-and-society__indigeneity-before-and-beyond-the-law__book-chapter,0.0,0.0,0.0,0.0,0.0,0.0,0.018518518518518517,0.0,0.0,0.0,0.0,0.0,0.1111111111111111,0.0,0.0,0.0,0.0,0.0,0.0,0.0,0.0,0.0,0.0,0.0,0.0,0.0,0.18518518518518517,0.0,0.0,0.0
2010-01-01__brewster-anne__australian-literary-studies__indigenous-sovereignty-and-the-crisis-of-whiteness-in-alexis-wrights-carpentaria__journal-article,0.0,0.0,0.0,0.0,0.07692307692307693,0.3076923076923077,0.0,0.0,0.0,0.0,0.0,0.0,0.07692307692307693,0.0,0.0,0.0,0.0,0.0,0.0,0.0,0.0,0.0,0.0,0.0,0.0,0.0,0.0,0.0,0.038461538461538464,0.0
2010-01-01__ravenscroft-alison__cultural-studies-review__dreaming-of-others-carpentaria-and-its-critics__journal-article,0.0,0.41025641025641024,0.0,0.0,0.02564102564102564,0.0,0.0,0.10256410256410256,0.0,0.0,0.0,0.0,0.0,0.07692307692307693,0.0,0.07692307692307693,0.0,0.0,0.07692307692307693,0.0,0.0,0.0,0.0,0.0,0.0,0.0,0.0,0.0,0.0,0.0
2011-01-01__haylock-bridget__traumatic-imprints__enlisting-rage-and-speaking-place-alexis-wrights-carpentaria__book-chapter,0.07692307692307693,0.0,0.23076923076923078,0.0,0.0,0.0,0.0,0.15384615384615385,0.46153846153846156,0.0,0.0,0.0,0.0,0.0,0.0,0.0,0.0,0.0,0.0,0.0,0.0,0.0,0.0,0.0,0.07692307692307693,0.0,0.0,0.15384615384615385,0.0,0.0
2011-01-01__renes-cornelius-martin__journal-of-the-european-association-of-studies-on-australia__dreamtime-narrative-and-postcolonisation-alexis-wrights-carpentaria-as-an-antidote-to-the-discourse-of-intervention__journal-article,0.34285714285714286,0.0,0.05714285714285714,0.0,0.05714285714285714,0.0,0.0,0.0,0.45714285714285713,0.0,0.0,0.05714285714285714,0.0,0.0,0.11428571428571428,0.08571428571428572,0.0,0.0,0.0,0.02857142857142857,0.0,0.0,0.0,0.0,0.0,0.0,0.0,0.08571428571428572,0.0,0.0
2012-01-01__hall-demelza__southerly__the-isle-of-refuse-in-alexis-wrights-carpentaria-reconstituting-heterotopic-space__journal-article,0.05,0.0,0.0,0.0,0.05,0.0,0.0,0.0,0.0,0.0,0.05,0.0,0.0,0.0,0.0,0.0,0.0,0.0,0.0,0.0,0.0,0.0,0.05,0.0,0.0,0.0,0.0,0.05,0.05,0.0
2012-01-01__molloy-shane__journal-of-the-association-for-the-study-of-australian-literature__finding-hope-in-the-stories-alexis-wrights-carpentaria-and-the-carnivalesque-search-for-a-new-order__journal-article,0.0,0.0,0.0,0.0,0.2,0.0,0.0,0.0,0.13333333333333333,0.0,0.0,0.0,0.0,0.0,0.0,0.0,0.0,0.0,0.0,0.0,0.0,0.0,0.0,0.0,0.0,0.0,0.0,0.06666666666666667,0.0,0.0
2013-01-01__archer-lean-clare__the-international-journal-of-social-sustainability-in-economic-social-and-cultural-context__knowing-and-being-in-ecocritical-visions-of-carpentaria__journal-article,0.0,0.0,0.0,0.0,0.0,0.0,0.0,0.0,0.04,0.0,0.0,0.0,0.0,0.0,0.0,0.0,0.0,0.0,0.0,0.0,0.0,0.0,0.0,0.0,0.0,0.0,0.0,0.08,0.0,0.0
2013-01-01__barrett-susan__elohi__this-land-is-me-indigenous-australian-story-telling-and-ecological-knowledge__journal-article,0.0,0.0,0.058823529411764705,0.0,0.058823529411764705,0.0,0.0,0.058823529411764705,0.0,0.0,0.0,0.0,0.0,0.0,0.058823529411764705,0.0,0.0,0.0,0.0,0.0,0.0,0.0,0.0,0.0,0.0,0.0,0.0,0.0,0.058823529411764705,0.0
2013-01-01__gleeson-white-jane__jasal__capitalism-versus-the-agency-of-place-an-ecocritical-reading-of-that-deadman-dance-and-carpentaria__journal-article,0.09090909090909091,0.09090909090909091,0.0,0.0,0.0,0.045454545454545456,0.0,0.045454545454545456,0.0,0.0,0.0,0.0,0.0,0.0,0.0,0.0,0.0,0.0,0.0,0.0,0.0,0.0,0.0,0.0,0.0,0.0,0.0,0.0,0.045454545454545456,0.0
2013-01-01__jose-nicholas__journal-of-australian-studies__deconstructing-the-dumpling-australia-china-lived-connections__journal-article,0.0,0.0,0.1,0.0,0.05,0.0,0.0,0.0,0.0,0.0,0.0,0.05,0.0,0.0,0.0,0.0,0.0,0.0,0.0,0.0,0.0,0.0,0.0,0.0,0.0,0.0,0.0,0.0,0.0,0.0
2013-01-01__mcmahon-elizabeth__jasal__dorothy-green-memorial-lecture-archipelagic-space-and-the-uncertain-future-of-national-literatures__journal-article,0.0,0.0,0.0,0.0,0.0,0.0,0.0,0.0,0.0,0.0,0.029411764705882353,0.0,0.0,0.0,0.0,0.0,0.0,0.0,0.0,0.0,0.0,0.0,0.0,0.0,0.0,0.029411764705882353,0.0,0.029411764705882353,0.058823529411764705,0.0
2013-01-01__molloy-diane__journal-of-the-association-for-the-study-of-australian-literature__finding-hope-in-the-stories-alexis-wrights-carpentaria-and-the-carnivalesque-search-for-a-new-order__journal-article,0.0,0.0,0.0,0.0,0.2,0.0,0.0,0.0,0.13333333333333333,0.0,0.0,0.0,0.0,0.0,0.0,0.0,0.0,0.0,0.0,0.0,0.0,0.0,0.0,0.0,0.0,0.0,0.0,0.06666666666666667,0.0,0.0
2013-01-01__ng-lynda__postcolonial-translocations-cultural-representation-and-critical-spatial-thinking__translocal-temporalities-in-alexis-wrights-carpentaria__book-chapter,0.0,0.0,0.0,0.0,0.0,0.045454545454545456,0.0,0.0,0.09090909090909091,0.0,0.0,0.0,0.0,0.0,0.0,0.09090909090909091,0.0,0.0,0.0,0.0,0.0,0.0,0.0,0.0,0.0,0.0,0.0,0.0,0.0,0.0
2013-01-01__ramsay-julie__storytelling-critical-and-creative-approaches__indigenous-literatures-in-the-pacific-the-question-of-the-didactic-in-storytelling__book-chapter,0.0,0.0,0.0,0.0,0.0,0.0,0.0,0.0,0.0,0.0,0.0,0.05555555555555555,0.0,0.05555555555555555,0.0,0.0,0.0,0.0,0.0,0.0,0.0,0.0,0.0,0.0,0.0,0.0,0.0,0.0,0.0,0.0
2013-01-01__rigby-kate__international-perspectives-in-feminist-ecocriticism__the-poetics-of-decolonization-reading-carpentaria-in-a-feminist-ecocritical-frame__book-chapter,0.0,0.038461538461538464,0.0,0.0,0.038461538461538464,0.0,0.0,0.038461538461538464,0.0,0.0,0.0,0.0,0.0,0.0,0.0,0.0,0.0,0.0,0.0,0.0,0.0,0.0,0.0,0.0,0.038461538461538464,0.0,0.0,0.038461538461538464,0.0,0.0
2013-09-01__polak-iva__elope-english-language-overseas-perspectives-and-enquiries__indigenous-australian-texts-in-european-english-departments-a-fence-a-bridge-and-a-country-as-an-answer-to-the-debate-over-multiculturalism__journal-article,0.08,0.04,0.0,0.0,0.0,0.0,0.0,0.0,0.04,0.0,0.0,0.0,0.0,0.0,0.04,0.04,0.0,0.0,0.0,0.0,0.0,0.0,0.0,0.0,0.0,0.0,0.0,0.0,0.0,0.0
2013-11-01__mead-philip__australian-literary-studies__indigenous-literature-and-the-extractive-industries__journal-article,0.0,0.0,0.375,0.0,0.041666666666666664,0.041666666666666664,0.0,0.0,0.0,0.0,0.0,0.0,0.041666666666666664,0.041666666666666664,0.0,0.0,0.0,0.0,0.0,0.0,0.0,0.0,0.0,0.0,0.0,0.0,0.0,0.0,0.0,0.0
2014-01-01__loomes-louise__linq-literature-in-north-queensland__armageddon-begins-here-apocalypse-in-alexis-wrights-carpentaria__journal-article,0.0,0.0,0.0,0.0,0.0,0.0,0.0,0.0,0.043478260869565216,0.0,0.0,0.0,0.0,0.043478260869565216,0.0,0.043478260869565216,0.0,0.0,0.0,0.0,0.0,0.0,0.0,0.0,0.0,0.0,0.08695652173913043,0.0,0.043478260869565216,0.0
2014-01-01__mead-philip__decolonizing-the-landscape-indigenous-cultures-in-australia__the-geopolitical-underground-alexis-wrights-carpentaria-mining-and-the-sacred__book-chapter,0.0,0.0,0.32142857142857145,0.0,0.03571428571428571,0.03571428571428571,0.0,0.0,0.0,0.0,0.0,0.0,0.0,0.03571428571428571,0.0,0.0,0.0,0.0,0.0,0.0,0.0,0.0,0.0,0.0,0.0,0.0,0.0,0.0,0.0,0.0
2015-01-01__barras-arnaud__australasian-journal-of-ecocriticism-and-cultural-ecology__ecopoetic-encounters-amnesia-and-nostalgia-in-alexis-wrights-environmental-fiction__journal-article,0.0,0.04,0.0,0.0,0.04,0.0,0.0,0.04,0.0,0.0,0.0,0.0,0.0,0.0,0.0,0.0,0.0,0.0,0.0,0.0,0.0,0.0,0.0,0.0,0.04,0.0,0.0,0.0,0.0,0.0
2015-01-01__chun-li__journal-of-literature-and-art-studies__the-aboriginal-white-relationship-in-the-secret-river-and-carpentaria__journal-article,0.0,0.0,0.0,0.0,0.0,0.0,0.0,0.0,0.08333333333333333,0.0,0.0,0.0,0.0,0.0,0.0,0.0,0.0,0.0,0.0,0.0,0.0,0.0,0.0,0.0,0.0,0.0,0.0,0.041666666666666664,0.0,0.0
2015-01-01__concilio-carmen__anglistica-an-interdisciplinary-journal__waste-lands-and-human-waste-in-postcolonial-texts__journal-article,0.0,0.0,0.0,0.0,0.08695652173913043,0.0,0.0,0.0,0.0,0.0,0.0,0.0,0.0,0.0,0.0,0.0,0.0,0.0,0.0,0.0,0.0,0.0,0.0,0.0,0.0,0.0,0.0,0.0,0.043478260869565216,0.0
2015-01-01__holgate-ben__journal-of-postcolonial-writing__unsettling-narratives-re-evaluating-magical-realism-as-postcolonial-discourse-through-alexis-wrights-carpentaria-and-the-swan-book__journal-article,0.07407407407407407,0.07407407407407407,0.0,0.0,0.0,0.0,0.0,0.0,0.1111111111111111,0.0,0.0,0.0,0.0,0.037037037037037035,0.0,0.0,0.037037037037037035,0.0,0.14814814814814814,0.07407407407407407,0.0,0.0,0.0,0.0,0.0,0.0,0.0,0.0,0.037037037037037035,0.0
2015-01-01__leane-jeanine__long-history-deep-time-deepening-histories-of-place__historyless-people__book-chapter,0.0,0.06666666666666667,0.0,0.0,0.0,0.0,0.0,0.0,0.0,0.06666666666666667,0.0,0.0,0.06666666666666667,0.13333333333333333,0.0,0.0,0.06666666666666667,0.0,0.0,0.0,0.0,0.0,0.0,0.0,0.0,0.0,0.0,0.06666666666666667,0.0,0.0
2015-01-01__varrone-kristina__international-journal-of-arts-and-sciences__alexis-wrights-carpentaria-from-an-ecocritical-perspective__journal-article,0.0,0.0,0.0,0.0,0.0,0.0,0.0,0.0,0.0,0.0,0.0,0.0,0.0,0.0,0.0,0.0,0.0,0.0,0.0,0.0,0.0,0.0,0.0,0.0,0.0,0.0,0.0,0.0,0.0,0.0
2015-12-01__van-rijswijk-honni__canadian-journal-of-women-and-the-law__towards-a-literary-jurisprudence-of-harm-rewriting-the-aboriginal-child-in-laws-imaginary-of-violence__journal-article,0.0,0.02631578947368421,0.0,0.0,0.0,0.02631578947368421,0.0,0.0,0.0,0.0,0.02631578947368421,0.0,0.0,0.0,0.0,0.0,0.0,0.0,0.0,0.0,0.0,0.0,0.0,0.0,0.0,0.0,0.0,0.0,0.02631578947368421,0.0
2016-01-01__brydon-diana__ariel-a-review-of-international-english-literature__experimental-writing-and-reading-across-borders-in-decolonizing-contexts__journal-article,0.0,0.0,0.0,0.0,0.0,0.0,0.0,0.0,0.0,0.0,0.0,0.0,0.0,0.0,0.0,0.0,0.0,0.0,0.0,0.0,0.0,0.0,0.0,0.0,0.0,0.02564102564102564,0.0,0.0,0.0,0.0
2016-01-01__george-roselin-linitta__mit-international-journal-of-english-language-and-literature__dreamtime-myths-of-aboriginals-in-alexis-wrights-carpentaria__journal-article,0.0,0.0,0.0,0.0,0.0,0.0,0.0,0.0,0.0,0.0,0.0,0.0,0.0,0.0,0.0,0.0,0.0,0.0,0.0,0.0,0.0,0.0,0.0,0.0,0.0,0.0,0.0,0.0,0.0,0.0
2016-01-01__mead-philip__jasal__the-unjusticeable-and-the-imaginable__journal-article,0.0,0.0,0.21052631578947367,0.0,0.0,0.0,0.0,0.0,0.0,0.0,0.0,0.0,0.631578947368421,0.0,0.05263157894736842,0.0,0.0,0.47368421052631576,0.0,0.0,0.47368421052631576,0.0,0.0,0.0,0.0,0.0,0.0,0.0,0.0,0.0
2016-01-01__osborne-roger-whitlock-gillian__jasal__carpentaria-reading-with-the-dirt-of-blurbs-and-front-pages__journal-article,0.15789473684210525,0.0,0.0,0.0,0.0,0.0,0.0,0.0,0.0,0.15789473684210525,0.0,0.0,0.0,0.05263157894736842,0.0,0.0,0.0,0.5263157894736842,0.0,0.0,0.5263157894736842,0.10526315789473684,0.0,0.05263157894736842,0.0,0.0,0.0,0.0,0.15789473684210525,0.0
2016-01-01__rodoreda-geoff__jasal__orality-and-narrative-structure-in-alexis-wrights-carpentaria__journal-article,0.0,0.045454545454545456,0.0,0.09090909090909091,0.0,0.045454545454545456,0.0,0.0,0.09090909090909091,0.0,0.0,0.0,0.0,0.0,0.0,0.0,0.0,0.5,0.0,0.0,0.5,0.0,0.0,0.0,0.0,0.0,0.0,0.09090909090909091,0.045454545454545456,0.0
2016-01-01__sefton-rowston-adelle-l__antipodes__hope-at-the-end-of-the-world-creation-stories-and-apocalypse-in-alexis-wrights-carpentaria-and-the-swan-book__journal-article,0.045454545454545456,0.0,0.0,0.0,0.0,0.0,0.0,0.0,0.0,0.0,0.0,0.0,0.0,0.045454545454545456,0.0,0.0,0.0,0.0,0.0,0.0,0.0,0.0,0.0,0.0,0.0,0.0,0.0,0.045454545454545456,0.0,0.0
2017-01-01__concilio-carmen__le-simplegadi__floating-travelling-gardens-of-postcolonial-time__journal-article,0.0,0.0,0.0,0.0,0.0,0.0,0.0,0.0,0.0,0.0,0.0,0.0,0.0,0.0,0.0,0.0,0.0,0.0,0.0,0.0,0.0,0.0,0.0,0.2222222222222222,0.0,0.0,0.0,0.0,0.0,0.0
2017-01-01__derkenne-jamie__antipodes__richard-flanagans-and-alexis-wrights-magic-nihilism__journal-article,0.0,0.041666666666666664,0.0,0.0,0.0,0.0,0.0,0.0,0.20833333333333334,0.0,0.0,0.041666666666666664,0.0,0.0,0.0,0.08333333333333333,0.16666666666666666,0.0,0.041666666666666664,0.0,0.0,0.0,0.0,0.0,0.0,0.0,0.0,0.0,0.041666666666666664,0.0
2017-01-06__mead-philip__jasal-journal-of-the-association-for-the-study-of-australian-literature__the-injustice-and-the-imaginable__journal-article,0.0,0.0,0.21052631578947367,0.0,0.0,0.0,0.0,0.0,0.0,0.0,0.0,0.0,0.631578947368421,0.0,0.05263157894736842,0.0,0.0,0.47368421052631576,0.0,0.0,0.47368421052631576,0.0,0.0,0.0,0.0,0.0,0.0,0.0,0.0,0.0
2017-06-15__pal-unknown__bhatter-college-journal-of-multidisciplinary-studies__still-hoping-for-reconciliation-reading-alexis-wrights-carpentaria-as-a-critique-of-reconciliation__journal-article,0.0,0.0,0.0,0.0,0.2631578947368421,0.0,0.0,0.0,0.10526315789473684,0.0,0.0,0.0,0.05263157894736842,0.0,0.21052631578947367,0.0,0.0,0.0,0.0,0.0,0.0,0.0,0.0,0.0,0.0,0.0,0.0,0.05263157894736842,0.0,0.0
2017-12-01__rodoreda-geoff__antipodes__sovereignty-mabo-and-indigenous-fiction__journal-article,0.18518518518518517,0.0,0.0,0.0,0.1111111111111111,0.07407407407407407,0.0,0.0,0.0,0.037037037037037035,0.037037037037037035,0.07407407407407407,0.6666666666666666,0.0,0.07407407407407407,0.0,0.0,0.0,0.0,0.037037037037037035,0.0,0.0,0.0,0.0,0.07407407407407407,0.0,0.0,0.0,0.14814814814814814,0.0
2018-01-01__birns-nicholas__indigenous-transnationalism-alexis-wrights-carpentaria__the-notions-of-permanence-autochthony-indigeneity-locality-in-alexis-wrights-carpentaria__book-chapter,0.038461538461538464,0.0,0.0,0.0,0.15384615384615385,0.0,0.0,0.0,0.11538461538461539,0.0,0.038461538461538464,0.0,0.038461538461538464,0.0,0.0,0.038461538461538464,0.0,0.0,0.0,0.07692307692307693,0.0,0.0,0.0,0.0,0.0,0.0,0.0,0.0,0.038461538461538464,0.0
2018-01-01__castro-koshy-estelle__giramondo__the-poetics-of-relation-in-carpentaria__book-chapter,0.041666666666666664,0.0,0.0,0.08333333333333333,0.0,0.0,0.0,0.0,0.0,0.0,0.0,0.0,0.0,0.0,0.0,0.0,0.0,0.0,0.0,0.0,0.0,0.08333333333333333,0.0,0.0,0.0,0.0,0.0,0.041666666666666664,0.0,0.0
2018-01-01__gunew-sneja__uncommon-wealths-in-postcolonial-fiction__indigenous-cosmopolitanism__book-chapter,0.6,0.04,0.0,0.0,0.0,0.16,0.04,0.0,0.0,0.0,0.0,0.12,0.0,0.0,0.0,0.04,0.0,0.04,0.0,0.0,0.0,0.0,0.0,0.0,0.0,0.04,0.0,0.08,0.0,0.0
2018-01-01__minter-and-ng-unknown__indigenous-transnationalism-alexis-wrights-carpentaria__rubbish-palaces-islands-of-junk-on-the-function-of-tropes-of-pollution-in-alexis-wrights-carpenta__book-chapter,0.0,0.0,0.0,0.0,0.0,0.0,0.0,0.0,0.0,0.0,0.0,0.0,0.0,0.0,0.0,0.0,0.0,0.0,0.0,0.0,0.0,0.04,0.0,0.0,0.0,0.0,0.0,0.28,0.0,0.0
2018-01-01__ng-unknown__indigenous-transnationalism-alexis-wrights-carpentaria__introduction-looking-beyond-the-local-indigenous-literature-as-a-world-literature__book-chapter,0.1,0.05,0.0,0.05,0.0,0.05,0.0,0.0,0.15,0.0,0.0,0.0,0.0,0.05,0.05,0.0,0.0,0.0,0.0,0.0,0.0,0.45,0.0,0.0,0.0,0.0,0.0,0.1,0.0,0.0
2018-01-01__west-pavlov-and-ng__indigenous-transnationalism-alexis-wrights-carpentaria__the-geo-graphics-of-an-indigenous-world-literature-in-alexis-wrights-carpentaria__book-chapter,0.0,0.0,0.0,0.0,0.0,0.0,0.0,0.0,0.09090909090909091,0.0,0.0,0.0,0.0,0.0,0.0,0.0,0.0,0.0,0.0,0.0,0.0,0.0,0.0,0.0,0.0,0.0,0.0,0.0,0.09090909090909091,0.0
2018-02-06__solomon-unknown__new-emerging-scholars-in-australian-indigenous-studies__carpentaria-a-foray-into-indigenous-consciousness__book-chapter,0.0,0.0,0.0,0.0,0.0,0.0,0.0,0.0,0.0,0.0,0.0,0.0,0.0,0.0,0.0,0.0,0.0,0.0,0.0,0.0,0.0,0.0,0.0,0.0,0.0,0.0,0.0,0.16666666666666666,0.0,0.0
2019-01-01__abarna-unknown__changing-paradigms-in-cultural-context-of-literature__from-margin-to-center-understanding-the-aboriginal-white-relationship-in-carpentaria__book-chapter,0.0,0.0,0.0,0.0,0.0,0.0,0.0,0.0,0.0,0.0,0.0,0.0,0.0,0.0,0.0,0.0,0.0,0.0,0.0,0.0,0.0,0.0,0.0,0.0,0.0,0.0,0.0,0.0,0.0,0.0
2019-02-04__crane-kylie__open-library-of-humanities__Anthropocene-Presences-and-the-Limits-of-Deferral-Alexis-Wrights-Carpentaria-and-The-Swan-Book__journal-article,0.0,0.037037037037037035,0.0,0.0,0.0,0.0,0.0,0.0,0.0,0.0,0.0,0.0,0.037037037037037035,0.0,0.0,0.0,0.0,0.0,0.0,0.0,0.0,0.037037037037037035,0.0,0.037037037037037035,0.0,0.0,0.0,0.0,0.037037037037037035,0.0
2019-04-17__rowland-lucy__journal-of-postcolonial-writing__Indigenous-Temporality-and-Climate-Change-in-Alexis-Wrights-Carpentaria__journal-article,0.0,0.04,0.08,0.0,0.0,0.0,0.0,0.04,0.0,0.0,0.0,0.0,0.0,0.0,0.0,0.0,0.0,0.0,0.0,0.0,0.0,0.04,0.0,0.0,0.0,0.0,0.0,0.04,0.0,0.0
2020-01-01__herche-and-kern-unknown__ecocritical-concerns-and-the-australian-continent__corporate-interest-and-the-power-of-mines-in-indigenous-writing-and-film-alexis-wrights-carpentari__book-chapter,0.0,0.0,0.045454545454545456,0.0,0.0,0.045454545454545456,0.0,0.0,0.0,0.0,0.0,0.0,0.0,0.0,0.0,0.0,0.0,0.0,0.0,0.0,0.0,0.0,0.0,0.0,0.0,0.0,0.0,0.0,0.0,0.0
2020-01-01__takolander-maria__palgrave-handbook-of-magical-realism-in-the-twenty-first-century__magical-realism-and-indigenous-survivance-in-australia-the-fiction-of-alexis-wright__book-chapter,0.027777777777777776,0.05555555555555555,0.027777777777777776,0.0,0.0,0.0,0.0,0.0,0.027777777777777776,0.0,0.0,0.027777777777777776,0.0,0.05555555555555555,0.0,0.027777777777777776,0.0,0.0,0.0,0.05555555555555555,0.0,0.0,0.0,0.0,0.0,0.0,0.0,0.05555555555555555,0.0,0.0
2020-10-29__nolan-maggie__australian-literary-studies__shifting-timescapes-and-the-significance-of-the-mine-in-alexis-wrights-carpentaria__journal-article,0.0,0.0,0.0,0.0,0.2222222222222222,0.037037037037037035,0.0,0.0,0.0,0.0,0.0,0.0,0.07407407407407407,0.0,0.0,0.0,0.0,0.0,0.0,0.0,0.0,0.0,0.0,0.0,0.0,0.0,0.0,0.037037037037037035,0.0,0.0
2020-11-10__carter-david__journal-of-the-association-for-the-study-of-australian-literature__before-otherness-and-beyond-the-dynamics-of-material-transnationalism-australian-indigenous-author__journal-article,0.2222222222222222,0.0,0.0,0.0,0.0,0.0,0.0,0.0,0.1111111111111111,0.0,0.0,0.0,0.0,0.0,0.0,0.0,0.0,0.0,0.0,0.0,0.027777777777777776,0.08333333333333333,0.0,0.0,0.1388888888888889,0.0,0.1388888888888889,0.027777777777777776,0.0,0.0
2021-01-01__hamilton-unknown__journal-of-australian-canadian-and-aotearoa-new-zealand-studies__witnessing-the-violence-of-the-settler-state-in-alexis-wrights-carpentaria-and-lee-maracles-celia__journal-article,0.0,0.0,0.0,0.0,0.3125,0.0,0.0,0.0,0.0,0.0,0.0,0.0,0.0,0.0,0.0,0.0,0.0,0.0,0.0,0.0,0.0,0.0,0.0,0.0,0.0,0.0,0.0,0.0,0.0,0.0
2021-01-01__moore-dashiell__lesprit-createur__there-and-elsewhere-the-land-down-under-and-the-world-archipelago__journal-article,0.0,0.0,0.0,0.0,0.043478260869565216,0.0,0.0,0.0,0.0,0.0,0.0,0.0,0.0,0.0,0.0,0.0,0.0,0.0,0.0,0.043478260869565216,0.0,0.0,0.0,0.0,0.0,0.0,0.0,0.0,0.17391304347826086,0.0
2021-01-01__xausa-chiara__exchanges__climate-fiction-and-the-crisis-of-imagination-alexis-wrights-carpentaria-and-the-swan-book__journal-article,0.0,0.03571428571428571,0.0,0.0,0.0,0.0,0.0,0.0,0.0,0.03571428571428571,0.0,0.03571428571428571,0.03571428571428571,0.03571428571428571,0.0,0.0,0.0,0.0,0.0,0.0,0.0,0.0,0.0,0.03571428571428571,0.0,0.0,0.0,0.03571428571428571,0.0,0.0
2021-07-01__shek-noble-liz__genre__an-indigenous-sovereignty-of-the-imagination-reenvisioning-the-great-australian-novel-in-alexis-wrights-carpentaria__journal-article,0.02857142857142857,0.02857142857142857,0.0,0.0,0.0,0.02857142857142857,0.0,0.0,0.0,0.0,0.08571428571428572,0.05714285714285714,0.0,0.0,0.02857142857142857,0.11428571428571428,0.02857142857142857,0.0,0.0,0.02857142857142857,0.02857142857142857,0.0,0.02857142857142857,0.0,0.0,0.0,0.0,0.05714285714285714,0.05714285714285714,0.0
2022-01-01__cummins-unknown__journal-of-the-association-for-the-study-of-australian-literature__listening-to-the-imagined-sound-of-contemporary-australian-literature__journal-article,0.0,0.0,0.0,0.0,0.0,0.0,0.0,0.047619047619047616,0.0,0.0,0.42857142857142855,0.0,0.0,0.0,0.0,0.047619047619047616,0.0,0.0,0.0,0.0,0.0,0.0,0.0,0.0,0.0,0.0,0.0,0.0,0.09523809523809523,0.0
2022-01-01__dunsford-unknown__commonwealth-essays-and-studies__alexis-wright-carpentaria__journal-article,0.0,0.0,0.0,0.0,0.0,0.0,0.0,0.0,0.0,0.0,0.0,0.0,0.0,0.0,0.16666666666666666,0.0,0.0,0.0,0.0,0.0,0.0,0.0,0.0,0.0,0.0,0.0,0.0,0.0,0.0,0.0
2022-01-01__fletcher-unknown__commonwealth-essays-and-studies__the-creative-opportunity-of-carpentaria__journal-article,0.0,0.0,0.0,0.0,0.0,0.0,0.0625,0.0,0.0,0.0,0.0,0.0,0.0,0.0,0.0,0.0,0.0,0.0,0.0,0.0,0.0,0.0,0.0,0.0,0.0,0.0,0.0,0.0,0.0,0.0
2022-01-01__flynn-unknown__unknown-source__an-indigenous-grand-narrative-voice-alexis-wrights-carpentaria-as-indigenous-epistemology__journal-article,0.0,0.038461538461538464,0.0,0.0,0.0,0.0,0.0,0.0,0.0,0.038461538461538464,0.0,0.0,0.0,0.0,0.0,0.0,0.0,0.0,0.0,0.0,0.0,0.038461538461538464,0.0,0.0,0.07692307692307693,0.0,0.0,0.038461538461538464,0.0,0.0
2022-01-01__griffiths-michael__commonwealth-essays-and-studies__questions-of-genre-refusal-and-cultural-adaptation-in-alexis-wrights-carpentaria__journal-article,0.16,0.04,0.0,0.0,0.16,0.04,0.04,0.0,0.0,0.04,0.0,0.0,0.08,0.0,0.0,0.0,0.0,0.0,0.04,0.0,0.0,0.16,0.0,0.0,0.0,0.0,0.0,0.12,0.08,0.0
2022-01-01__le-guellec-minel-unknown__etudes-anglaises__well-why-not-magical-realism-and-narrative-prerogative-in-alexis-wrights-carpentaria__journal-article,0.041666666666666664,0.041666666666666664,0.0,0.0,0.041666666666666664,0.0,0.041666666666666664,0.0,0.08333333333333333,0.041666666666666664,0.0,0.041666666666666664,0.0,0.0,0.0,0.0,0.041666666666666664,0.0,0.041666666666666664,0.0,0.0,0.0,0.0,0.0,0.0,0.0,0.0,0.08333333333333333,0.08333333333333333,0.0
2022-01-01__palleau-papin-unknown__commonwealth-essays-and-studies__wrights-poetic-prose-epic__journal-article,0.0,0.0,0.0,0.0,0.0,0.0,0.0,0.0,0.0,0.0,0.0,0.0,0.0,0.0,0.0,0.0,0.0,0.0,0.0,0.0,0.0,0.0,0.0,0.0,0.0,0.0,0.0,0.08,0.0,0.0
2022-01-01__shoemaker-unknown__commonwealth-essays-and-studies__story-making-story-telling-and-story-keeping-in-carpentaria__journal-article,0.0,0.1111111111111111,0.0,0.0,0.0,0.0,0.0,0.0,0.0,0.05555555555555555,0.0,0.0,0.0,0.0,0.0,0.0,0.0,0.0,0.0,0.0,0.0,0.05555555555555555,0.0,0.0,0.5555555555555556,0.0,0.0,0.05555555555555555,0.0,0.0
2022-03-09__carr-richard__commonwealth-essays-and-studies__on-the-brink-of-possibility-alexis-wrights-tragicomic-novel__journal-article,0.08333333333333333,0.0,0.0,0.0,0.08333333333333333,0.16666666666666666,0.0,0.0,0.0,0.08333333333333333,0.0,0.0,0.0,0.0,0.0,0.0,0.0,0.0,0.0,0.0,0.0,0.0,0.0,0.0,0.0,0.0,0.0,0.041666666666666664,0.0,0.0
2022-12-01__cummins-joseph__jasal__listening-to-the-imagined-sound-of-contemporary-australian-literature__journal-article,0.0,0.0,0.0,0.0,0.0,0.0,0.0,0.047619047619047616,0.0,0.0,0.42857142857142855,0.0,0.0,0.0,0.0,0.047619047619047616,0.0,0.0,0.0,0.0,0.0,0.0,0.0,0.0,0.0,0.0,0.0,0.0,0.09523809523809523,0.0
2023-01-01__brown-jacqueline-m__critique-studies-in-contemporary-fiction__the-interconnectedness-and-spiritual-equality-of-all-things-recovering-indigenous-ecological-imagination-in-postcolonial-australian-fiction__journal-article,0.06060606060606061,0.0,0.0,0.0,0.0,0.0,0.0,0.030303030303030304,0.0,0.0,0.0,0.0,0.030303030303030304,0.0,0.0,0.0,0.06060606060606061,0.0,0.0,0.0,0.0,0.0,0.0,0.0,0.0,0.0,0.0,0.0,0.06060606060606061,0.0
2023-01-01__ng-unknown__the-cambridge-companion-to-the-australian-novel__alexis-wrights-novel-activism__book-chapter,0.0,0.08333333333333333,0.0,0.0,0.0,0.041666666666666664,0.0,0.0,0.125,0.125,0.0,0.0,0.0,0.0,0.0,0.0,0.0,0.0,0.0,0.0,0.0,0.2916666666666667,0.0,0.0,0.041666666666666664,0.0,0.0,0.08333333333333333,0.0,0.0
2023-01-01__vernay-unknown__new-writing__alexis-wrights-story-words-and-story-worlds-out-of-the-shadows-the-politics-of-reading-and-writing__journal-article,0.0,0.0,0.0,0.0,0.05555555555555555,0.0,0.0,0.0,0.0,0.0,0.0,0.0,0.0,0.0,0.0,0.0,0.0,0.0,0.0,0.0,0.0,0.05555555555555555,0.0,0.0,0.0,0.0,0.0,0.0,0.0,0.0
2023-01-02__lynn-unknown__journal-of-australian-studies__trauma-aboriginality-and-revisionary-imaginings-in-alexis-wrights-carpentaria-and-janette-t__journal-article,0.0,0.03225806451612903,0.0,0.0,0.03225806451612903,0.0,0.0,0.0,0.06451612903225806,0.0,0.0,0.0,0.1935483870967742,0.0,0.0,0.0,0.0,0.0,0.0,0.0,0.0,0.0,0.0,0.0,0.0,0.0,0.16129032258064516,0.0,0.03225806451612903,0.0
2023-01-02__prentice-unknown__interventions__refuserefuge-castaways-on-islands-of-exception__journal-article,0.0,0.0,0.0,0.0,0.0,0.0,0.0,0.0,0.23333333333333334,0.0,0.0,0.0,0.0,0.0,0.0,0.0,0.0,0.0,0.0,0.0,0.0,0.0,0.0,0.0,0.0,0.0,0.0,0.0,0.03333333333333333,0.0
2023-05-27__brown-unknown__critique__the-interconnectedness-and-spiritual-equality-of-all-things-recovering-indigenous-ecological-imag__journal-article,0.06060606060606061,0.0,0.0,0.0,0.0,0.0,0.0,0.030303030303030304,0.0,0.0,0.0,0.0,0.030303030303030304,0.0,0.0,0.0,0.06060606060606061,0.0,0.0,0.0,0.0,0.0,0.0,0.0,0.0,0.0,0.0,0.0,0.06060606060606061,0.0
2024-01-01__cui-and-li__english-studies__writing-orality-australian-aboriginal-voices-in-alexis-wrights-carpentaria__journal-article,0.0,0.02631578947368421,0.0,0.02631578947368421,0.0,0.0,0.0,0.0,0.0,0.0,0.0,0.0,0.0,0.0,0.0,0.0,0.0,0.0,0.0,0.02631578947368421,0.0,0.10526315789473684,0.0,0.0,0.05263157894736842,0.0,0.0,0.0,0.07894736842105263,0.0
2024-03-17__rutter-samuel__new-york-times-review-of-books__haze-of-our-lives-news-and-newspapers-proquest__book-review,0.0,0.0,0.0,0.0,0.0,0.0,0.0,0.0,0.0,0.0,0.0,0.0,0.0,0.0,0.0,0.0,0.0,0.0,0.0,0.0,0.0,0.0,0.0,0.0,0.0,0.0,0.0,0.0,0.0,0.0
2024-05-25__araluen-corr__australian-literary-studies__inscription-and-the-settler-colony-theorising-aboriginal-textuality-today__journal-article,0.029411764705882353,0.0,0.029411764705882353,0.0,0.029411764705882353,0.029411764705882353,0.029411764705882353,0.0,0.058823529411764705,0.029411764705882353,0.0,0.0,0.0,0.0,0.0,0.0,0.0,0.0,0.0,0.0,0.0,0.0,0.0,0.0,0.058823529411764705,0.0,0.14705882352941177,0.0,0.029411764705882353,0.0
2024-11-04__rodoreda-geoff__jasal__free-to-roam-foot-notes-on-sovereignty-in-indigenous-film-and-fiction__journal-article,0.15,0.0,0.0,0.0,0.0,0.0,0.0,0.0,0.0,0.0,0.0,0.0,0.3,0.0,0.05,0.0,0.0,0.0,0.0,0.0,0.0,0.0,0.0,0.0,0.0,0.0,0.0,0.1,0.0,0.0
2025-01-01__daley-and-waller__unknown-source__a-higher-education-pedagogy-for-settler-listening-with-alexis-wrights-carpentaria__journal-article,0.0,0.0,0.0,0.0,0.06060606060606061,0.0,0.0,0.0,0.0,0.030303030303030304,0.030303030303030304,0.0,0.0,0.0,0.0,0.0,0.0,0.0,0.0,0.0,0.0,0.0,0.06060606060606061,0.0,0.030303030303030304,0.0,0.0,0.0,0.0,0.0
2025-01-01__galanis-unknown__journal-of-the-association-for-the-study-of-australian-literature__garbage-gothic-gyre-glimpsing-the-planetary-on-carpentarias-floating-island-of-rubbish__journal-article,0.0,0.043478260869565216,0.0,0.0,0.0,0.0,0.0,0.0,0.0,0.043478260869565216,0.0,0.0,0.0,0.0,0.0,0.0,0.0,0.0,0.0,0.0,0.0,0.17391304347826086,0.0,0.043478260869565216,0.0,0.043478260869565216,0.0,0.043478260869565216,0.08695652173913043,0.0
2025-01-01__milligan-heather__critique__how-to-blow-up-a-novel-pipeline-insurgency-and-narrative-form-in-alexis-wrights-carpentaria__journal-article,0.0,0.02857142857142857,0.0,0.0,0.02857142857142857,0.0,0.0,0.05714285714285714,0.0,0.0,0.02857142857142857,0.0,0.02857142857142857,0.0,0.0,0.0,0.0,0.0,0.0,0.0,0.0,0.0,0.0,0.02857142857142857,0.0,0.0,0.0,0.0,0.0,0.0
2025-01-01__minimol-and-navaneeth-unknown__humanities__delineating-ecoethics-in-alexis-wrights-carpentaria-and-the-swan-book__journal-article,0.0,0.0,0.0,0.0,0.0,0.0,0.0,0.05,0.0,0.0,0.0,0.0,0.0,0.0,0.0,0.0,0.0,0.0,0.0,0.0,0.0,0.0,0.0,0.0,0.0,0.0,0.1,0.0,0.0,0.0
